[{"model": "images.image", "pk": 1, "fields": {"name": "default", "value": "images/product-1.jpg"}}, {"model": "images.image", "pk": 2, "fields": {"name": "images/slider-img.jpg", "value": "images/slider-img.jpg"}}, {"model": "images.image", "pk": 3, "fields": {"name": "images/controll11_cpLdWh7.jpg", "value": "images/controll11_cpLdWh7.jpg"}}, {"model": "images.image", "pk": 4, "fields": {"name": "images/controll_8Z4IMRg.jpg", "value": "images/controll_8Z4IMRg.jpg"}}, {"model": "images.image", "pk": 5, "fields": {"name": "images/product-detailed-img_h84756Z.jpg", "value": "images/product-detailed-img_h84756Z.jpg"}}, {"model": "images.image", "pk": 6, "fields": {"name": "images/product-5-sm_xLG5bTe.jpg", "value": "images/product-5-sm_xLG5bTe.jpg"}}, {"model": "images.image", "pk": 7, "fields": {"name": "images/product-4-sm_TMLmyM2.jpg", "value": "images/product-4-sm_TMLmyM2.jpg"}}, {"model": "images.image", "pk": 8, "fields": {"name": "images/product-3-sm_BUuWsgn.jpg", "value": "images/product-3-sm_BUuWsgn.jpg"}}, {"model": "images.image", "pk": 9, "fields": {"name": "images/product-2-sm.jpg", "value": "images/product-2-sm.jpg"}}, {"model": "images.image", "pk": 10, "fields": {"name": "images/product-1-lg_G77ZTZm.jpg", "value": "images/product-1-lg_G77ZTZm.jpg"}}, {"model": "images.image", "pk": 11, "fields": {"name": "images/slider2_rSWi61y.jpg", "value": "images/slider2_rSWi61y.jpg"}}, {"model": "images.image", "pk": 12, "fields": {"name": "images/product-4_nDiEL7T.jpg", "value": "images/product-4_nDiEL7T.jpg"}}, {"model": "images.image", "pk": 13, "fields": {"name": "images/product-3_HT9wkH4.jpg", "value": "images/product-3_HT9wkH4.jpg"}}, {"model": "images.image", "pk": 14, "fields": {"name": "images/product-1_hGRlBMC.jpg", "value": "images/product-1_hGRlBMC.jpg"}}, {"model": "images.image", "pk": 15, "fields": {"name": "images/product-2_ja1BDP8.jpg", "value": "images/product-2_ja1BDP8.jpg"}}, {"model": "images.image", "pk": 16, "fields": {"name": "images/promo-img2_7tKUtEt.jpg", "value": "images/promo-img2_7tKUtEt.jpg"}}, {"model": "images.image", "pk": 17, "fields": {"name": "images/promo-img1_7yvuqIL.jpg", "value": "images/promo-img1_7yvuqIL.jpg"}}, {"model": "images.image", "pk": 18, "fields": {"name": "images/product-61_gyZ9qbR.jpg", "value": "images/product-61_gyZ9qbR.jpg"}}, {"model": "images.image", "pk": 19, "fields": {"name": "images/product-51_3AYKQYV.jpg", "value": "images/product-51_3AYKQYV.jpg"}}, {"model": "images.image", "pk": 20, "fields": {"name": "images/product-41_oxWM1My.jpg", "value": "images/product-41_oxWM1My.jpg"}}, {"model": "images.image", "pk": 21, "fields": {"name": "images/product-31_HNGsxTP.jpg", "value": "images/product-31_HNGsxTP.jpg"}}, {"model": "images.image", "pk": 22, "fields": {"name": "images/product-21_LF6PfgU.jpg", "value": "images/product-21_LF6PfgU.jpg"}}, {"model": "images.image", "pk": 23, "fields": {"name": "images/product-11_oKdJsvJ.jpg", "value": "images/product-11_oKdJsvJ.jpg"}}, {"model": "product_list.product_category", "pk": 1, "fields": {"name": "All", "description": "All category", "modified": "2019-01-14T15:40:47.369Z", "created": "2019-01-09T14:20:49.322Z"}}, {"model": "product_list.product_category", "pk": 2, "fields": {"name": "Home", "description": "Home category", "modified": "2019-01-10T21:13:11.527Z", "created": "2019-01-09T14:20:49.323Z"}}, {"model": "product_list.product_category", "pk": 3, "fields": {"name": "Office", "description": "Office category", "modified": "2019-01-10T21:13:05.134Z", "created": "2019-01-09T14:20:49.324Z"}}, {"model": "product_list.product_category", "pk": 4, "fields": {"name": "Modern", "description": "Modern category", "modified": "2019-01-10T21:12:59.150Z", "created": "2019-01-09T14:20:49.324Z"}}, {"model": "product_list.product_category", "pk": 5, "fields": {"name": "Furniture", "description": "Furniture category", "modified": "2019-01-10T21:12:52.377Z", "created": "2019-01-09T14:20:49.324Z"}}, {"model": "product_list.product_category", "pk": 6, "fields": {"name": "Classic", "description": "Classic category", "modified": "2019-01-10T21:12:45.764Z", "created": "2019-01-09T14:20:49.325Z"}}, {"model": "product_detail.product", "pk": 1, "fields": {"product_category": 5, "name": "Fishnet Chair", "image": 2, "short_desc": "Seat and back with upholstery made of cold cure foam. Steel", "description": "The majesty of Mountains - Ugmonk style. Lorem ipsum dolor sit amet, consectetur adipisicing elit. Maiores, amet quae temporibus odit pariatur rerum, exercitationem quam voluptatum odio non quos eaque magnam facere voluptatibus.", "special_offer": "Hot deal", "price": "150.00", "quantity": 7, "modified": "2019-01-17T17:29:13.511Z", "created": "2019-01-09T14:20:49.327Z", "is_active": true}}, {"model": "product_detail.product", "pk": 4, "fields": {"product_category": 2, "name": "Red Wooden Chair", "image": 5, "short_desc": "Red Wooden Chair", "description": "The majesty of Mountains - Ugmonk style. Lorem ipsum dolor sit amet, consectetur adipisicing elit. Maiores, amet quae temporibus odit pariatur rerum, exercitationem quam voluptatum odio non quos eaque magnam facere voluptatibus. Minima maiores, perferendis voluptatibus hic autem sed pariatur quod vel deserunt at minus officiis illo aut tempore saepe quidem dolores voluptas quibusdam alias, neque quae!", "special_offer": "Hot deal", "price": "200.00", "quantity": 1, "modified": "2019-01-09T14:20:49.335Z", "created": "2019-01-09T14:20:49.335Z", "is_active": true}}, {"model": "product_detail.product", "pk": 5, "fields": {"product_category": 4, "name": "Ceiling Black Lamp", "image": 6, "short_desc": "Ceiling Black Lamp", "description": "The majesty of Mountains - Ugmonk style. Lorem ipsum dolor sit amet, consectetur adipisicing elit. Maiores, amet quae temporibus odit pariatur rerum, exercitationem quam voluptatum odio non quos eaque magnam facere voluptatibus. Minima maiores, perferendis voluptatibus hic autem sed pariatur quod vel deserunt at minus officiis illo aut tempore saepe quidem dolores voluptas quibusdam alias, neque quae!", "special_offer": "Hot deal", "price": "100.00", "quantity": 1, "modified": "2019-01-09T14:20:49.339Z", "created": "2019-01-09T14:20:49.339Z", "is_active": true}}, {"model": "product_detail.product", "pk": 6, "fields": {"product_category": 5, "name": "Wall Clock", "image": 7, "short_desc": "Wall Clock", "description": "The majesty of Mountains - Ugmonk style. Lorem ipsum dolor sit amet, consectetur adipisicing elit. Maiores, amet quae temporibus odit pariatur rerum, exercitationem quam voluptatum odio non quos eaque magnam facere voluptatibus. Minima maiores, perferendis voluptatibus hic autem sed pariatur quod vel deserunt at minus officiis illo aut tempore saepe quidem dolores voluptas quibusdam alias, neque quae!", "special_offer": "Hot deal", "price": "100.00", "quantity": 1, "modified": "2019-01-09T14:20:49.341Z", "created": "2019-01-09T14:20:49.341Z", "is_active": true}}, {"model": "product_detail.product", "pk": 7, "fields": {"product_category": 2, "name": "Grey Sofa", "image": 8, "short_desc": "Grey Sofa", "description": "The majesty of Mountains - Ugmonk style. Lorem ipsum dolor sit amet, consectetur adipisicing elit. Maiores, amet quae temporibus odit pariatur rerum, exercitationem quam voluptatum odio non quos eaque magnam facere voluptatibus. Minima maiores, perferendis voluptatibus hic autem sed pariatur quod vel deserunt at minus officiis illo aut tempore saepe quidem dolores voluptas quibusdam alias, neque quae!", "special_offer": "Hot deal", "price": "250.00", "quantity": 1, "modified": "2019-01-09T14:20:49.343Z", "created": "2019-01-09T14:20:49.343Z", "is_active": true}}, {"model": "product_detail.product", "pk": 8, "fields": {"product_category": 4, "name": "Floor Lamp", "image": 9, "short_desc": "Floor Lamp", "description": "The majesty of Mountains - Ugmonk style. Lorem ipsum dolor sit amet, consectetur adipisicing elit. Maiores, amet quae temporibus odit pariatur rerum, exercitationem quam voluptatum odio non quos eaque magnam facere voluptatibus. Minima maiores, perferendis voluptatibus hic autem sed pariatur quod vel deserunt at minus officiis illo aut tempore saepe quidem dolores voluptas quibusdam alias, neque quae!", "special_offer": "Hot deal", "price": "100.00", "quantity": 1, "modified": "2019-01-09T14:20:49.345Z", "created": "2019-01-09T14:20:49.345Z", "is_active": true}}, {"model": "product_detail.product", "pk": 9, "fields": {"product_category": 2, "name": "Red Pillow", "image": 10, "short_desc": "Red Pillow", "description": "The majesty of Mountains - Ugmonk style. Lorem ipsum dolor sit amet, consectetur adipisicing elit. Maiores, amet quae temporibus odit pariatur rerum, exercitationem quam voluptatum odio non quos eaque magnam facere voluptatibus. Minima maiores, perferendis voluptatibus hic autem sed pariatur quod vel deserunt at minus officiis illo aut tempore saepe quidem dolores voluptas quibusdam alias, neque quae!", "special_offer": "Hot deal", "price": "50.00", "quantity": 1, "modified": "2019-01-09T14:20:49.347Z", "created": "2019-01-09T14:20:49.347Z", "is_active": true}}, {"model": "product_detail.product", "pk": 10, "fields": {"product_category": 6, "name": "Wooden Circle Table", "image": 11, "short_desc": "Wooden Circle Table", "description": "The majesty of Mountains - Ugmonk style. Lorem ipsum dolor sit amet, consectetur adipisicing elit. Maiores, amet quae temporibus odit pariatur rerum, exercitationem quam voluptatum odio non quos eaque magnam facere voluptatibus. Minima maiores, perferendis voluptatibus hic autem sed pariatur quod vel deserunt at minus officiis illo aut tempore saepe quidem dolores voluptas quibusdam alias, neque quae!", "special_offer": "Hot deal", "price": "250.00", "quantity": 1, "modified": "2019-01-09T14:20:49.349Z", "created": "2019-01-09T14:20:49.349Z", "is_active": true}}, {"model": "product_detail.product", "pk": 11, "fields": {"product_category": 3, "name": "Red Full Iron Chair", "image": 12, "short_desc": "Red Full Iron Chair", "description": "The majesty of Mountains - Ugmonk style. Lorem ipsum dolor sit amet, consectetur adipisicing elit. Maiores, amet quae temporibus odit pariatur rerum, exercitationem quam voluptatum odio non quos eaque magnam facere voluptatibus. Minima maiores, perferendis voluptatibus hic autem sed pariatur quod vel deserunt at minus officiis illo aut tempore saepe quidem dolores voluptas quibusdam alias, neque quae!", "special_offer": "Hot deal", "price": "150.00", "quantity": 1, "modified": "2019-01-09T14:20:49.350Z", "created": "2019-01-09T14:20:49.350Z", "is_active": true}}, {"model": "product_detail.product", "pk": 12, "fields": {"product_category": 2, "name": "Jugful", "image": 13, "short_desc": "Jugful", "description": "The majesty of Mountains - Ugmonk style. Lorem ipsum dolor sit amet, consectetur adipisicing elit. Maiores, amet quae temporibus odit pariatur rerum, exercitationem quam voluptatum odio non quos eaque magnam facere voluptatibus. Minima maiores, perferendis voluptatibus hic autem sed pariatur quod vel deserunt at minus officiis illo aut tempore saepe quidem dolores voluptas quibusdam alias, neque quae!", "special_offer": "Hot deal", "price": "50.00", "quantity": 1, "modified": "2019-01-09T14:20:49.352Z", "created": "2019-01-09T14:20:49.352Z", "is_active": true}}, {"model": "product_detail.product", "pk": 13, "fields": {"product_category": 6, "name": "Lamp", "image": 14, "short_desc": "Lamp", "description": "The majesty of Mountains - Ugmonk style. Lorem ipsum dolor sit amet, consectetur adipisicing elit. Maiores, amet quae temporibus odit pariatur rerum, exercitationem quam voluptatum odio non quos eaque magnam facere voluptatibus. Minima maiores, perferendis voluptatibus hic autem sed pariatur quod vel deserunt at minus officiis illo aut tempore saepe quidem dolores voluptas quibusdam alias, neque quae!", "special_offer": "Hot deal", "price": "25.00", "quantity": 1, "modified": "2019-01-09T14:20:49.354Z", "created": "2019-01-09T14:20:49.354Z", "is_active": true}}, {"model": "product_detail.product", "pk": 14, "fields": {"product_category": 2, "name": "Blue Arm Chair", "image": 15, "short_desc": "Blue Arm Chair", "description": "The majesty of Mountains - Ugmonk style. Lorem ipsum dolor sit amet, consectetur adipisicing elit. Maiores, amet quae temporibus odit pariatur rerum, exercitationem quam voluptatum odio non quos eaque magnam facere voluptatibus. Minima maiores, perferendis voluptatibus hic autem sed pariatur quod vel deserunt at minus officiis illo aut tempore saepe quidem dolores voluptas quibusdam alias, neque quae!", "special_offer": "Hot deal", "price": "250.00", "quantity": 2, "modified": "2019-01-09T14:20:49.357Z", "created": "2019-01-09T14:20:49.357Z", "is_active": true}}, {"model": "product_detail.product", "pk": 15, "fields": {"product_category": 3, "name": "Wooden Arm Chair", "image": 16, "short_desc": "Wooden Arm Chair", "description": "The majesty of Mountains - Ugmonk style. Lorem ipsum dolor sit amet, consectetur adipisicing elit. Maiores, amet quae temporibus odit pariatur rerum, exercitationem quam voluptatum odio non quos eaque magnam facere voluptatibus.", "special_offer": "exclusive", "price": "250.00", "quantity": 1, "modified": "2019-01-17T17:38:32.770Z", "created": "2019-01-09T14:20:49.358Z", "is_active": true}}, {"model": "product_detail.product", "pk": 16, "fields": {"product_category": 3, "name": "Red Iron Chair", "image": 17, "short_desc": "Red Iron Chair", "description": "The majesty of Mountains - Ugmonk style. Lorem ipsum dolor sit amet, consectetur adipisicing elit. Maiores, amet quae temporibus odit pariatur rerum, exercitationem quam voluptatum odio non quos eaque magnam facere voluptatibus.", "special_offer": "exclusive", "price": "200.00", "quantity": 1, "modified": "2019-01-09T14:20:49.360Z", "created": "2019-01-09T14:20:49.360Z", "is_active": true}}, {"model": "product_detail.product", "pk": 17, "fields": {"product_category": 2, "name": "White Vase", "image": 18, "short_desc": "White Vase", "description": "The majesty of Mountains - Ugmonk style. Lorem ipsum dolor sit amet, consectetur adipisicing elit. Maiores, amet quae temporibus odit pariatur rerum, exercitationem quam voluptatum odio non quos eaque magnam facere voluptatibus. Minima maiores, perferendis voluptatibus hic autem sed pariatur quod vel deserunt at minus officiis illo aut tempore saepe quidem dolores voluptas quibusdam alias, neque quae!", "special_offer": "Hot deal", "price": "100.00", "quantity": 1, "modified": "2019-01-14T15:49:15.137Z", "created": "2019-01-09T14:20:49.362Z", "is_active": true}}, {"model": "product_detail.product", "pk": 18, "fields": {"product_category": 2, "name": "Mortar and Pestle", "image": 19, "short_desc": "Mortar and Pestle", "description": "The majesty of Mountains - Ugmonk style. Lorem ipsum dolor sit amet, consectetur adipisicing elit. Maiores, amet quae temporibus odit pariatur rerum, exercitationem quam voluptatum odio non quos eaque magnam facere voluptatibus. Minima maiores, perferendis voluptatibus hic autem sed pariatur quod vel deserunt at minus officiis illo aut tempore saepe quidem dolores voluptas quibusdam alias, neque quae!", "special_offer": "Hot deal", "price": "50.00", "quantity": 1, "modified": "2019-01-09T14:20:49.363Z", "created": "2019-01-09T14:20:49.363Z", "is_active": true}}, {"model": "product_detail.product", "pk": 19, "fields": {"product_category": 6, "name": "Wall Lamp", "image": 20, "short_desc": "Wall Lamp", "description": "The majesty of Mountains - Ugmonk style. Lorem ipsum dolor sit amet, consectetur adipisicing elit. Maiores, amet quae temporibus odit pariatur rerum, exercitationem quam voluptatum odio non quos eaque magnam facere voluptatibus. Minima maiores, perferendis voluptatibus hic autem sed pariatur quod vel deserunt at minus officiis illo aut tempore saepe quidem dolores voluptas quibusdam alias, neque quae!", "special_offer": "Hot deal", "price": "100.00", "quantity": 1, "modified": "2019-01-09T14:20:49.365Z", "created": "2019-01-09T14:20:49.365Z", "is_active": true}}, {"model": "product_detail.product", "pk": 20, "fields": {"product_category": 2, "name": "Table Lamp", "image": 21, "short_desc": "Table Lamp", "description": "The majesty of Mountains - Ugmonk style. Lorem ipsum dolor sit amet, consectetur adipisicing elit. Maiores, amet quae temporibus odit pariatur rerum, exercitationem quam voluptatum odio non quos eaque magnam facere voluptatibus. Minima maiores, perferendis voluptatibus hic autem sed pariatur quod vel deserunt at minus officiis illo aut tempore saepe quidem dolores voluptas quibusdam alias, neque quae!", "special_offer": "Trending", "price": "100.00", "quantity": 1, "modified": "2019-01-17T15:42:10.887Z", "created": "2019-01-09T14:20:49.367Z", "is_active": true}}, {"model": "product_detail.product", "pk": 21, "fields": {"product_category": 5, "name": "White Arm Chair", "image": 22, "short_desc": "White Arm Chair", "description": "The majesty of Mountains - Ugmonk style. Lorem ipsum dolor sit amet, consectetur adipisicing elit. Maiores, amet quae temporibus odit pariatur rerum, exercitationem quam voluptatum odio non quos eaque magnam facere voluptatibus. Minima maiores, perferendis voluptatibus hic autem sed pariatur quod vel deserunt at minus officiis illo aut tempore saepe quidem dolores voluptas quibusdam alias, neque quae!", "special_offer": "Trending", "price": "200.00", "quantity": 1, "modified": "2019-01-17T15:41:59.301Z", "created": "2019-01-09T14:20:49.368Z", "is_active": true}}, {"model": "product_detail.product", "pk": 22, "fields": {"product_category": 4, "name": "Hanging Lamp", "image": 23, "short_desc": "Hanging Lamp", "description": "The majesty of Mountains - Ugmonk style. Lorem ipsum dolor sit amet, consectetur adipisicing elit. Maiores, amet quae temporibus odit pariatur rerum, exercitationem quam voluptatum odio non quos eaque magnam facere voluptatibus. Minima maiores, perferendis voluptatibus hic autem sed pariatur quod vel deserunt at minus officiis illo aut tempore saepe quidem dolores voluptas quibusdam alias, neque quae!", "special_offer": "Trending", "price": "34.00", "quantity": 1, "modified": "2019-01-17T15:41:42.770Z", "created": "2019-01-09T14:20:49.370Z", "is_active": true}}, {"model": "product_detail.product", "pk": 23, "fields": {"product_category": 1, "name": "test", "image": 9, "short_desc": "", "description": "", "special_offer": null, "price": "0.00", "quantity": 0, "modified": "2019-01-14T16:29:28.830Z", "created": "2019-01-14T16:29:07.887Z", "is_active": false}}, {"model": "cart.purchaseitem", "pk": 6, "fields": {"purchase": 8, "product": 4, "value": 2}}, {"model": "cart.purchaseitem", "pk": 7, "fields": {"purchase": 9, "product": 13, "value": 3}}, {"model": "cart.purchaseitem", "pk": 8, "fields": {"purchase": 9, "product": 9, "value": 5}}, {"model": "cart.purchaseitem", "pk": 9, "fields": {"purchase": 9, "product": 16, "value": 8}}, {"model": "cart.purchaseitem", "pk": 10, "fields": {"purchase": 10, "product": 13, "value": 7}}, {"model": "cart.purchaseitem", "pk": 11, "fields": {"purchase": 11, "product": 4, "value": 5}}, {"model": "cart.purchaseitem", "pk": 12, "fields": {"purchase": 11, "product": 13, "value": 12}}, {"model": "cart.purchaseitem", "pk": 13, "fields": {"purchase": 12, "product": 8, "value": 11}}, {"model": "cart.purchaseitem", "pk": 14, "fields": {"purchase": 12, "product": 14, "value": 39}}, {"model": "cart.purchaseitem", "pk": 15, "fields": {"purchase": 12, "product": 21, "value": 7}}, {"model": "cart.purchaseitem", "pk": 16, "fields": {"purchase": 13, "product": 8, "value": 11}}, {"model": "cart.purchaseitem", "pk": 17, "fields": {"purchase": 13, "product": 14, "value": 39}}, {"model": "cart.purchaseitem", "pk": 18, "fields": {"purchase": 13, "product": 21, "value": 7}}, {"model": "cart.purchaseitem", "pk": 19, "fields": {"purchase": 13, "product": 22, "value": 3}}, {"model": "cart.purchaseitem", "pk": 20, "fields": {"purchase": 14, "product": 8, "value": 11}}, {"model": "cart.purchaseitem", "pk": 21, "fields": {"purchase": 14, "product": 14, "value": 39}}, {"model": "cart.purchaseitem", "pk": 22, "fields": {"purchase": 14, "product": 21, "value": 7}}, {"model": "cart.purchaseitem", "pk": 23, "fields": {"purchase": 14, "product": 22, "value": 3}}, {"model": "cart.purchaseitem", "pk": 24, "fields": {"purchase": 15, "product": 13, "value": 3}}, {"model": "cart.purchaseitem", "pk": 25, "fields": {"purchase": 16, "product": 13, "value": 3}}, {"model": "cart.purchaseitem", "pk": 26, "fields": {"purchase": 17, "product": 4, "value": 2}}, {"model": "cart.purchaseitem", "pk": 27, "fields": {"purchase": 17, "product": 15, "value": 2}}, {"model": "cart.purchaseitem", "pk": 28, "fields": {"purchase": 18, "product": 6, "value": 4}}, {"model": "auth.permission", "pk": 1, "fields": {"name": "Can add image", "content_type": 1, "codename": "add_image"}}, {"model": "auth.permission", "pk": 2, "fields": {"name": "Can change image", "content_type": 1, "codename": "change_image"}}, {"model": "auth.permission", "pk": 3, "fields": {"name": "Can delete image", "content_type": 1, "codename": "delete_image"}}, {"model": "auth.permission", "pk": 4, "fields": {"name": "Can view image", "content_type": 1, "codename": "view_image"}}, {"model": "auth.permission", "pk": 5, "fields": {"name": "Can add user", "content_type": 2, "codename": "add_account"}}, {"model": "auth.permission", "pk": 6, "fields": {"name": "Can change user", "content_type": 2, "codename": "change_account"}}, {"model": "auth.permission", "pk": 7, "fields": {"name": "Can delete user", "content_type": 2, "codename": "delete_account"}}, {"model": "auth.permission", "pk": 8, "fields": {"name": "Can view user", "content_type": 2, "codename": "view_account"}}, {"model": "auth.permission", "pk": 9, "fields": {"name": "Can add product_ category", "content_type": 3, "codename": "add_product_category"}}, {"model": "auth.permission", "pk": 10, "fields": {"name": "Can change product_ category", "content_type": 3, "codename": "change_product_category"}}, {"model": "auth.permission", "pk": 11, "fields": {"name": "Can delete product_ category", "content_type": 3, "codename": "delete_product_category"}}, {"model": "auth.permission", "pk": 12, "fields": {"name": "Can view product_ category", "content_type": 3, "codename": "view_product_category"}}, {"model": "auth.permission", "pk": 13, "fields": {"name": "Can add product", "content_type": 4, "codename": "add_product"}}, {"model": "auth.permission", "pk": 14, "fields": {"name": "Can change product", "content_type": 4, "codename": "change_product"}}, {"model": "auth.permission", "pk": 15, "fields": {"name": "Can delete product", "content_type": 4, "codename": "delete_product"}}, {"model": "auth.permission", "pk": 16, "fields": {"name": "Can view product", "content_type": 4, "codename": "view_product"}}, {"model": "auth.permission", "pk": 17, "fields": {"name": "Can add log entry", "content_type": 5, "codename": "add_logentry"}}, {"model": "auth.permission", "pk": 18, "fields": {"name": "Can change log entry", "content_type": 5, "codename": "change_logentry"}}, {"model": "auth.permission", "pk": 19, "fields": {"name": "Can delete log entry", "content_type": 5, "codename": "delete_logentry"}}, {"model": "auth.permission", "pk": 20, "fields": {"name": "Can view log entry", "content_type": 5, "codename": "view_logentry"}}, {"model": "auth.permission", "pk": 21, "fields": {"name": "Can add permission", "content_type": 6, "codename": "add_permission"}}, {"model": "auth.permission", "pk": 22, "fields": {"name": "Can change permission", "content_type": 6, "codename": "change_permission"}}, {"model": "auth.permission", "pk": 23, "fields": {"name": "Can delete permission", "content_type": 6, "codename": "delete_permission"}}, {"model": "auth.permission", "pk": 24, "fields": {"name": "Can view permission", "content_type": 6, "codename": "view_permission"}}, {"model": "auth.permission", "pk": 25, "fields": {"name": "Can add group", "content_type": 7, "codename": "add_group"}}, {"model": "auth.permission", "pk": 26, "fields": {"name": "Can change group", "content_type": 7, "codename": "change_group"}}, {"model": "auth.permission", "pk": 27, "fields": {"name": "Can delete group", "content_type": 7, "codename": "delete_group"}}, {"model": "auth.permission", "pk": 28, "fields": {"name": "Can view group", "content_type": 7, "codename": "view_group"}}, {"model": "auth.permission", "pk": 29, "fields": {"name": "Can add content type", "content_type": 8, "codename": "add_contenttype"}}, {"model": "auth.permission", "pk": 30, "fields": {"name": "Can change content type", "content_type": 8, "codename": "change_contenttype"}}, {"model": "auth.permission", "pk": 31, "fields": {"name": "Can delete content type", "content_type": 8, "codename": "delete_contenttype"}}, {"model": "auth.permission", "pk": 32, "fields": {"name": "Can view content type", "content_type": 8, "codename": "view_contenttype"}}, {"model": "auth.permission", "pk": 33, "fields": {"name": "Can add session", "content_type": 9, "codename": "add_session"}}, {"model": "auth.permission", "pk": 34, "fields": {"name": "Can change session", "content_type": 9, "codename": "change_session"}}, {"model": "auth.permission", "pk": 35, "fields": {"name": "Can delete session", "content_type": 9, "codename": "delete_session"}}, {"model": "auth.permission", "pk": 36, "fields": {"name": "Can view session", "content_type": 9, "codename": "view_session"}}, {"model": "auth.permission", "pk": 37, "fields": {"name": "Can add association", "content_type": 10, "codename": "add_association"}}, {"model": "auth.permission", "pk": 38, "fields": {"name": "Can change association", "content_type": 10, "codename": "change_association"}}, {"model": "auth.permission", "pk": 39, "fields": {"name": "Can delete association", "content_type": 10, "codename": "delete_association"}}, {"model": "auth.permission", "pk": 40, "fields": {"name": "Can view association", "content_type": 10, "codename": "view_association"}}, {"model": "auth.permission", "pk": 41, "fields": {"name": "Can add code", "content_type": 11, "codename": "add_code"}}, {"model": "auth.permission", "pk": 42, "fields": {"name": "Can change code", "content_type": 11, "codename": "change_code"}}, {"model": "auth.permission", "pk": 43, "fields": {"name": "Can delete code", "content_type": 11, "codename": "delete_code"}}, {"model": "auth.permission", "pk": 44, "fields": {"name": "Can view code", "content_type": 11, "codename": "view_code"}}, {"model": "auth.permission", "pk": 45, "fields": {"name": "Can add nonce", "content_type": 12, "codename": "add_nonce"}}, {"model": "auth.permission", "pk": 46, "fields": {"name": "Can change nonce", "content_type": 12, "codename": "change_nonce"}}, {"model": "auth.permission", "pk": 47, "fields": {"name": "Can delete nonce", "content_type": 12, "codename": "delete_nonce"}}, {"model": "auth.permission", "pk": 48, "fields": {"name": "Can view nonce", "content_type": 12, "codename": "view_nonce"}}, {"model": "auth.permission", "pk": 49, "fields": {"name": "Can add user social auth", "content_type": 13, "codename": "add_usersocialauth"}}, {"model": "auth.permission", "pk": 50, "fields": {"name": "Can change user social auth", "content_type": 13, "codename": "change_usersocialauth"}}, {"model": "auth.permission", "pk": 51, "fields": {"name": "Can delete user social auth", "content_type": 13, "codename": "delete_usersocialauth"}}, {"model": "auth.permission", "pk": 52, "fields": {"name": "Can view user social auth", "content_type": 13, "codename": "view_usersocialauth"}}, {"model": "auth.permission", "pk": 53, "fields": {"name": "Can add partial", "content_type": 14, "codename": "add_partial"}}, {"model": "auth.permission", "pk": 54, "fields": {"name": "Can change partial", "content_type": 14, "codename": "change_partial"}}, {"model": "auth.permission", "pk": 55, "fields": {"name": "Can delete partial", "content_type": 14, "codename": "delete_partial"}}, {"model": "auth.permission", "pk": 56, "fields": {"name": "Can view partial", "content_type": 14, "codename": "view_partial"}}, {"model": "auth.permission", "pk": 57, "fields": {"name": "Can add profile", "content_type": 15, "codename": "add_profile"}}, {"model": "auth.permission", "pk": 58, "fields": {"name": "Can change profile", "content_type": 15, "codename": "change_profile"}}, {"model": "auth.permission", "pk": 59, "fields": {"name": "Can delete profile", "content_type": 15, "codename": "delete_profile"}}, {"model": "auth.permission", "pk": 60, "fields": {"name": "Can view profile", "content_type": 15, "codename": "view_profile"}}, {"model": "auth.permission", "pk": 61, "fields": {"name": "Can add vk profile", "content_type": 16, "codename": "add_vkprofile"}}, {"model": "auth.permission", "pk": 62, "fields": {"name": "Can change vk profile", "content_type": 16, "codename": "change_vkprofile"}}, {"model": "auth.permission", "pk": 63, "fields": {"name": "Can delete vk profile", "content_type": 16, "codename": "delete_vkprofile"}}, {"model": "auth.permission", "pk": 64, "fields": {"name": "Can view vk profile", "content_type": 16, "codename": "view_vkprofile"}}, {"model": "auth.permission", "pk": 65, "fields": {"name": "Can add google profile", "content_type": 15, "codename": "add_googleprofile"}}, {"model": "auth.permission", "pk": 66, "fields": {"name": "Can change google profile", "content_type": 15, "codename": "change_googleprofile"}}, {"model": "auth.permission", "pk": 67, "fields": {"name": "Can delete google profile", "content_type": 15, "codename": "delete_googleprofile"}}, {"model": "auth.permission", "pk": 68, "fields": {"name": "Can view google profile", "content_type": 15, "codename": "view_googleprofile"}}, {"model": "auth.permission", "pk": 69, "fields": {"name": "Can add purchase", "content_type": 17, "codename": "add_purchase"}}, {"model": "auth.permission", "pk": 70, "fields": {"name": "Can change purchase", "content_type": 17, "codename": "change_purchase"}}, {"model": "auth.permission", "pk": 71, "fields": {"name": "Can delete purchase", "content_type": 17, "codename": "delete_purchase"}}, {"model": "auth.permission", "pk": 72, "fields": {"name": "Can view purchase", "content_type": 17, "codename": "view_purchase"}}, {"model": "auth.permission", "pk": 73, "fields": {"name": "Can add purchase item", "content_type": 18, "codename": "add_purchaseitem"}}, {"model": "auth.permission", "pk": 74, "fields": {"name": "Can change purchase item", "content_type": 18, "codename": "change_purchaseitem"}}, {"model": "auth.permission", "pk": 75, "fields": {"name": "Can delete purchase item", "content_type": 18, "codename": "delete_purchaseitem"}}, {"model": "auth.permission", "pk": 76, "fields": {"name": "Can view purchase item", "content_type": 18, "codename": "view_purchaseitem"}}, {"model": "auth.group", "pk": 1, "fields": {"name": "Admins", "permissions": [5, 6, 7, 8, 17, 18, 19, 20, 25, 26, 27, 28, 21, 22, 23, 24, 29, 30, 31, 32, 1, 2, 3, 4, 13, 14, 15, 16, 9, 10, 11, 12, 33, 34, 35, 36]}}, {"model": "sessions.session", "pk": "1qe1rm57usigj1tzo15xpr8pqsxrm79q", "fields": {"session_data": "OTgyZTgyOWY2MWNjYjNhY2JhMmRhNTBiZWNhYTY0MGU4NTZkZDEwNDp7Il9hdXRoX3VzZXJfaWQiOiIxIiwiX2F1dGhfdXNlcl9iYWNrZW5kIjoiZGphbmdvLmNvbnRyaWIuYXV0aC5iYWNrZW5kcy5Nb2RlbEJhY2tlbmQiLCJfYXV0aF91c2VyX2hhc2giOiJiZGExMDYzZGVmYWZlOThkNGU1NDRjYWUxNjk5ODc3MjgyM2ZjMjkzIn0=", "expire_date": "2019-02-05T04:40:25.245Z"}}, {"model": "sessions.session", "pk": "2qfmiq9ou6j7nqrghyfn7f2uwr2xq6i3", "fields": {"session_data": "OTgyZTgyOWY2MWNjYjNhY2JhMmRhNTBiZWNhYTY0MGU4NTZkZDEwNDp7Il9hdXRoX3VzZXJfaWQiOiIxIiwiX2F1dGhfdXNlcl9iYWNrZW5kIjoiZGphbmdvLmNvbnRyaWIuYXV0aC5iYWNrZW5kcy5Nb2RlbEJhY2tlbmQiLCJfYXV0aF91c2VyX2hhc2giOiJiZGExMDYzZGVmYWZlOThkNGU1NDRjYWUxNjk5ODc3MjgyM2ZjMjkzIn0=", "expire_date": "2019-01-31T15:39:53.732Z"}}, {"model": "sessions.session", "pk": "4ufjc2z6ys83tyd93ztt72adcm8le1lz", "fields": {"session_data": "OTgyZTgyOWY2MWNjYjNhY2JhMmRhNTBiZWNhYTY0MGU4NTZkZDEwNDp7Il9hdXRoX3VzZXJfaWQiOiIxIiwiX2F1dGhfdXNlcl9iYWNrZW5kIjoiZGphbmdvLmNvbnRyaWIuYXV0aC5iYWNrZW5kcy5Nb2RlbEJhY2tlbmQiLCJfYXV0aF91c2VyX2hhc2giOiJiZGExMDYzZGVmYWZlOThkNGU1NDRjYWUxNjk5ODc3MjgyM2ZjMjkzIn0=", "expire_date": "2019-01-30T17:01:23.142Z"}}, {"model": "sessions.session", "pk": "8lvkiesvnchwsipep2kl7mbub7gnfzqx", "fields": {"session_data": "OTgyZTgyOWY2MWNjYjNhY2JhMmRhNTBiZWNhYTY0MGU4NTZkZDEwNDp7Il9hdXRoX3VzZXJfaWQiOiIxIiwiX2F1dGhfdXNlcl9iYWNrZW5kIjoiZGphbmdvLmNvbnRyaWIuYXV0aC5iYWNrZW5kcy5Nb2RlbEJhY2tlbmQiLCJfYXV0aF91c2VyX2hhc2giOiJiZGExMDYzZGVmYWZlOThkNGU1NDRjYWUxNjk5ODc3MjgyM2ZjMjkzIn0=", "expire_date": "2019-01-24T20:30:58.478Z"}}, {"model": "sessions.session", "pk": "ag3l4o1yyp8e3az3750w3455bjwijtxn", "fields": {"session_data": "OTgyZTgyOWY2MWNjYjNhY2JhMmRhNTBiZWNhYTY0MGU4NTZkZDEwNDp7Il9hdXRoX3VzZXJfaWQiOiIxIiwiX2F1dGhfdXNlcl9iYWNrZW5kIjoiZGphbmdvLmNvbnRyaWIuYXV0aC5iYWNrZW5kcy5Nb2RlbEJhY2tlbmQiLCJfYXV0aF91c2VyX2hhc2giOiJiZGExMDYzZGVmYWZlOThkNGU1NDRjYWUxNjk5ODc3MjgyM2ZjMjkzIn0=", "expire_date": "2019-01-23T14:26:12.267Z"}}, {"model": "sessions.session", "pk": "f0u4oxijp6axj158hvxtsgbqdeef05l0", "fields": {"session_data": "OTgyZTgyOWY2MWNjYjNhY2JhMmRhNTBiZWNhYTY0MGU4NTZkZDEwNDp7Il9hdXRoX3VzZXJfaWQiOiIxIiwiX2F1dGhfdXNlcl9iYWNrZW5kIjoiZGphbmdvLmNvbnRyaWIuYXV0aC5iYWNrZW5kcy5Nb2RlbEJhY2tlbmQiLCJfYXV0aF91c2VyX2hhc2giOiJiZGExMDYzZGVmYWZlOThkNGU1NDRjYWUxNjk5ODc3MjgyM2ZjMjkzIn0=", "expire_date": "2019-01-31T15:30:23.495Z"}}, {"model": "sessions.session", "pk": "fw1jbeme999hl3sc7rm2bd1k8mwvvhhc", "fields": {"session_data": "MTRiMDQyOGNiNGU3OWUxZTFlNDdjNDI0ZmRhYjdjMTFkOWQ3ZWQ0Mjp7fQ==", "expire_date": "2019-02-04T03:38:05.668Z"}}, {"model": "sessions.session", "pk": "h518zzrjg9zhbpqzda1c1v75sycoguag", "fields": {"session_data": "MTRiMDQyOGNiNGU3OWUxZTFlNDdjNDI0ZmRhYjdjMTFkOWQ3ZWQ0Mjp7fQ==", "expire_date": "2019-02-04T03:42:35.291Z"}}, {"model": "sessions.session", "pk": "inuts6uhexdmm6dpsbpzn5y4kimrvy7z", "fields": {"session_data": "MTRiMDQyOGNiNGU3OWUxZTFlNDdjNDI0ZmRhYjdjMTFkOWQ3ZWQ0Mjp7fQ==", "expire_date": "2019-02-04T03:34:10.026Z"}}, {"model": "sessions.session", "pk": "mh6huw43ib4k65p03icmlk87ebzz6zun", "fields": {"session_data": "OTgyZTgyOWY2MWNjYjNhY2JhMmRhNTBiZWNhYTY0MGU4NTZkZDEwNDp7Il9hdXRoX3VzZXJfaWQiOiIxIiwiX2F1dGhfdXNlcl9iYWNrZW5kIjoiZGphbmdvLmNvbnRyaWIuYXV0aC5iYWNrZW5kcy5Nb2RlbEJhY2tlbmQiLCJfYXV0aF91c2VyX2hhc2giOiJiZGExMDYzZGVmYWZlOThkNGU1NDRjYWUxNjk5ODc3MjgyM2ZjMjkzIn0=", "expire_date": "2019-02-05T02:10:34.894Z"}}, {"model": "sessions.session", "pk": "qxca6wtvedgpnmpu4qlzf0klhp7x2ifl", "fields": {"session_data": "OTgyZTgyOWY2MWNjYjNhY2JhMmRhNTBiZWNhYTY0MGU4NTZkZDEwNDp7Il9hdXRoX3VzZXJfaWQiOiIxIiwiX2F1dGhfdXNlcl9iYWNrZW5kIjoiZGphbmdvLmNvbnRyaWIuYXV0aC5iYWNrZW5kcy5Nb2RlbEJhY2tlbmQiLCJfYXV0aF91c2VyX2hhc2giOiJiZGExMDYzZGVmYWZlOThkNGU1NDRjYWUxNjk5ODc3MjgyM2ZjMjkzIn0=", "expire_date": "2019-02-05T03:10:47.951Z"}}, {"model": "sessions.session", "pk": "snx2ywkl4n0rs6ax4ettsg8o2yz8miwk", "fields": {"session_data": "MTRiMDQyOGNiNGU3OWUxZTFlNDdjNDI0ZmRhYjdjMTFkOWQ3ZWQ0Mjp7fQ==", "expire_date": "2019-02-04T03:41:15.964Z"}}, {"model": "accounts.account", "pk": 1, "fields": {"password": "pbkdf2_sha256$120000$vYabmZUHXFVy$e3KxqcSFt9UKKVedHeUTKgSqQJysN2ai4IQeW8W+M7w=", "last_login": "2019-01-22T04:40:25.237Z", "is_superuser": true, "username": "ad", "first_name": "", "last_name": "", "email": "", "is_staff": true, "is_active": true, "date_joined": "2019-01-09T14:22:09Z", "avatar": 7, "phone": null, "activation_key": "", "activation_key_expires": "2019-01-21T03:57:51.088Z", "groups": [], "user_permissions": []}}, {"model": "accounts.account", "pk": 7, "fields": {"password": "pbkdf2_sha256$120000$oEfws0UT3VSh$np+Ghpwij1nUT3Lp/fJMXArtBRdSzkw1qt9sMOXCHt4=", "last_login": "2019-01-16T16:11:32.872Z", "is_superuser": false, "username": "admin", "first_name": "", "last_name": "", "email": "", "is_staff": false, "is_active": true, "date_joined": "2019-01-16T16:08:44Z", "avatar": null, "phone": null, "activation_key": "", "activation_key_expires": "2019-01-21T03:57:51.088Z", "groups": [1], "user_permissions": []}}, {"model": "accounts.account", "pk": 8, "fields": {"password": "!LJWV5yfxTsxLMyuWRau641hUx4ZwbbvsEKvUEdjE", "last_login": "2019-01-20T20:58:02.407Z", "is_superuser": false, "username": "zinfirmail", "first_name": "Zinfir", "last_name": "", "email": "zinfirmail@gmail.com", "is_staff": false, "is_active": true, "date_joined": "2019-01-19T20:00:40.777Z", "avatar": null, "phone": null, "activation_key": "", "activation_key_expires": "2019-01-21T19:53:12.158Z", "groups": [], "user_permissions": []}}, {"model": "accounts.account", "pk": 17, "fields": {"password": "pbkdf2_sha256$120000$bbsaVQCrc0KU$R2aT1TGlc1LrA76R0YmSqOEQvr+0vPFEkYSf5Hj0GwY=", "last_login": "2019-01-21T04:01:16.861Z", "is_superuser": true, "username": "test", "first_name": "", "last_name": "", "email": "test@mail.ru", "is_staff": false, "is_active": true, "date_joined": "2019-01-21T03:58:01Z", "avatar": null, "phone": null, "activation_key": "", "activation_key_expires": "2019-01-23T03:57:22.334Z", "groups": [], "user_permissions": []}}, {"model": "social_django.usersocialauth", "pk": 1, "fields": {"user": 8, "provider": "google-oauth2", "uid": "zinfirmail@gmail.com", "extra_data": "{\"auth_time\": 1548017882, \"expires\": 3600, \"token_type\": \"Bearer\", \"access_token\": \"ya29.GlyXBrUNAfLt2OuU8i5ZEil4tfzYChNijzBxO1NIXhpGTxgxR-Ix8LCYPCPcSpIKFJd0RINhTiROIAzRa_7l39LTQrsyR-_InhJ15a0sz4qSFImNjSxLjiRdlqTSHA\"}"}}, {"model": "cart.purchase", "pk": 8, "fields": {"user": 1, "created": "2019-01-21T05:30:04.305Z", "is_active": false}}, {"model": "cart.purchase", "pk": 9, "fields": {"user": 7, "created": "2019-01-21T17:17:31.751Z", "is_active": false}}, {"model": "cart.purchase", "pk": 10, "fields": {"user": 1, "created": "2019-01-22T04:14:18.227Z", "is_active": false}}, {"model": "cart.purchase", "pk": 11, "fields": {"user": 1, "created": "2019-01-22T04:35:28.572Z", "is_active": false}}, {"model": "cart.purchase", "pk": 12, "fields": {"user": 1, "created": "2019-01-22T06:41:35.673Z", "is_active": false}}, {"model": "cart.purchase", "pk": 13, "fields": {"user": 1, "created": "2019-01-22T06:42:36.977Z", "is_active": false}}, {"model": "cart.purchase", "pk": 14, "fields": {"user": 1, "created": "2019-01-22T06:43:11.559Z", "is_active": false}}, {"model": "cart.purchase", "pk": 15, "fields": {"user": 1, "created": "2019-01-22T06:48:10.914Z", "is_active": false}}, {"model": "cart.purchase", "pk": 16, "fields": {"user": 1, "created": "2019-01-22T06:49:52.792Z", "is_active": false}}, {"model": "cart.purchase", "pk": 17, "fields": {"user": 1, "created": "2019-01-22T06:50:24.783Z", "is_active": false}}, {"model": "cart.purchase", "pk": 18, "fields": {"user": 1, "created": "2019-01-22T06:57:52.485Z", "is_active": false}}, {"model": "admin.logentry", "pk": 1, "fields": {"action_time": "2019-01-10T19:16:42.473Z", "user": 1, "content_type": 2, "object_id": "3", "object_repr": "test1", "action_flag": 3, "change_message": ""}}, {"model": "admin.logentry", "pk": 2, "fields": {"action_time": "2019-01-10T19:16:42.484Z", "user": 1, "content_type": 2, "object_id": "2", "object_repr": "test", "action_flag": 3, "change_message": ""}}, {"model": "admin.logentry", "pk": 3, "fields": {"action_time": "2019-01-10T19:54:14.665Z", "user": 1, "content_type": 2, "object_id": "1", "object_repr": "ad", "action_flag": 2, "change_message": "[{\"changed\": {\"fields\": [\"avatar\"]}}]"}}, {"model": "admin.logentry", "pk": 4, "fields": {"action_time": "2019-01-10T21:12:45.767Z", "user": 1, "content_type": 3, "object_id": "6", "object_repr": "Classic", "action_flag": 2, "change_message": "[{\"changed\": {\"fields\": [\"href\"]}}]"}}, {"model": "admin.logentry", "pk": 5, "fields": {"action_time": "2019-01-10T21:12:52.379Z", "user": 1, "content_type": 3, "object_id": "5", "object_repr": "Furniture", "action_flag": 2, "change_message": "[{\"changed\": {\"fields\": [\"href\"]}}]"}}, {"model": "admin.logentry", "pk": 6, "fields": {"action_time": "2019-01-10T21:12:59.154Z", "user": 1, "content_type": 3, "object_id": "4", "object_repr": "Modern", "action_flag": 2, "change_message": "[{\"changed\": {\"fields\": [\"href\"]}}]"}}, {"model": "admin.logentry", "pk": 7, "fields": {"action_time": "2019-01-10T21:13:05.138Z", "user": 1, "content_type": 3, "object_id": "3", "object_repr": "Office", "action_flag": 2, "change_message": "[{\"changed\": {\"fields\": [\"href\"]}}]"}}, {"model": "admin.logentry", "pk": 8, "fields": {"action_time": "2019-01-10T21:13:11.529Z", "user": 1, "content_type": 3, "object_id": "2", "object_repr": "Home", "action_flag": 2, "change_message": "[{\"changed\": {\"fields\": [\"href\"]}}]"}}, {"model": "admin.logentry", "pk": 9, "fields": {"action_time": "2019-01-10T21:13:24.761Z", "user": 1, "content_type": 3, "object_id": "1", "object_repr": "All", "action_flag": 2, "change_message": "[{\"changed\": {\"fields\": [\"href\"]}}]"}}, {"model": "admin.logentry", "pk": 10, "fields": {"action_time": "2019-01-11T00:58:57.236Z", "user": 1, "content_type": 3, "object_id": "7", "object_repr": "test", "action_flag": 1, "change_message": "[{\"added\": {}}]"}}, {"model": "admin.logentry", "pk": 11, "fields": {"action_time": "2019-01-11T00:59:22.772Z", "user": 1, "content_type": 3, "object_id": "7", "object_repr": "test", "action_flag": 3, "change_message": ""}}, {"model": "admin.logentry", "pk": 12, "fields": {"action_time": "2019-01-11T11:10:25.216Z", "user": 1, "content_type": 4, "object_id": "28", "object_repr": "test5", "action_flag": 3, "change_message": ""}}, {"model": "admin.logentry", "pk": 13, "fields": {"action_time": "2019-01-11T11:10:25.226Z", "user": 1, "content_type": 4, "object_id": "27", "object_repr": "test4", "action_flag": 3, "change_message": ""}}, {"model": "admin.logentry", "pk": 14, "fields": {"action_time": "2019-01-11T11:10:25.235Z", "user": 1, "content_type": 4, "object_id": "26", "object_repr": "test3", "action_flag": 3, "change_message": ""}}, {"model": "admin.logentry", "pk": 15, "fields": {"action_time": "2019-01-11T11:10:25.244Z", "user": 1, "content_type": 4, "object_id": "25", "object_repr": "test2", "action_flag": 3, "change_message": ""}}, {"model": "admin.logentry", "pk": 16, "fields": {"action_time": "2019-01-11T11:10:25.252Z", "user": 1, "content_type": 4, "object_id": "24", "object_repr": "test1", "action_flag": 3, "change_message": ""}}, {"model": "admin.logentry", "pk": 17, "fields": {"action_time": "2019-01-11T11:10:25.260Z", "user": 1, "content_type": 4, "object_id": "23", "object_repr": "test", "action_flag": 3, "change_message": ""}}, {"model": "admin.logentry", "pk": 18, "fields": {"action_time": "2019-01-11T11:14:19.654Z", "user": 1, "content_type": 4, "object_id": "29", "object_repr": "test", "action_flag": 3, "change_message": ""}}, {"model": "admin.logentry", "pk": 19, "fields": {"action_time": "2019-01-11T11:27:07.965Z", "user": 1, "content_type": 4, "object_id": "30", "object_repr": "test", "action_flag": 3, "change_message": ""}}, {"model": "admin.logentry", "pk": 20, "fields": {"action_time": "2019-01-11T11:27:28.068Z", "user": 1, "content_type": 4, "object_id": "31", "object_repr": "test", "action_flag": 1, "change_message": "[{\"added\": {}}]"}}, {"model": "admin.logentry", "pk": 21, "fields": {"action_time": "2019-01-11T11:36:20.076Z", "user": 1, "content_type": 1, "object_id": "1", "object_repr": "default", "action_flag": 2, "change_message": "[{\"changed\": {\"fields\": [\"value\"]}}]"}}, {"model": "admin.logentry", "pk": 22, "fields": {"action_time": "2019-01-11T11:37:20.287Z", "user": 1, "content_type": 4, "object_id": "31", "object_repr": "test", "action_flag": 2, "change_message": "[{\"changed\": {\"fields\": [\"image\"]}}]"}}, {"model": "admin.logentry", "pk": 23, "fields": {"action_time": "2019-01-14T13:45:19.667Z", "user": 1, "content_type": 4, "object_id": "33", "object_repr": "test", "action_flag": 1, "change_message": "[{\"added\": {}}]"}}, {"model": "admin.logentry", "pk": 24, "fields": {"action_time": "2019-01-14T13:45:26.556Z", "user": 1, "content_type": 4, "object_id": "33", "object_repr": "test", "action_flag": 3, "change_message": ""}}, {"model": "admin.logentry", "pk": 25, "fields": {"action_time": "2019-01-14T16:21:50.814Z", "user": 1, "content_type": 4, "object_id": "22", "object_repr": "Hanging Lamp", "action_flag": 2, "change_message": "[{\"changed\": {\"fields\": [\"is_active\"]}}]"}}, {"model": "admin.logentry", "pk": 26, "fields": {"action_time": "2019-01-14T16:22:34.315Z", "user": 1, "content_type": 4, "object_id": "22", "object_repr": "Hanging Lamp", "action_flag": 2, "change_message": "[{\"changed\": {\"fields\": [\"is_active\"]}}]"}}, {"model": "admin.logentry", "pk": 27, "fields": {"action_time": "2019-01-16T16:05:17.588Z", "user": 1, "content_type": 2, "object_id": "5", "object_repr": "test", "action_flag": 3, "change_message": ""}}, {"model": "admin.logentry", "pk": 28, "fields": {"action_time": "2019-01-16T16:05:51.334Z", "user": 1, "content_type": 2, "object_id": "6", "object_repr": "test", "action_flag": 2, "change_message": "[{\"changed\": {\"fields\": [\"is_superuser\"]}}]"}}, {"model": "admin.logentry", "pk": 29, "fields": {"action_time": "2019-01-16T16:07:58.634Z", "user": 1, "content_type": 7, "object_id": "1", "object_repr": "Admins", "action_flag": 1, "change_message": "[{\"added\": {}}]"}}, {"model": "admin.logentry", "pk": 30, "fields": {"action_time": "2019-01-16T16:08:14.760Z", "user": 1, "content_type": 2, "object_id": "6", "object_repr": "test", "action_flag": 2, "change_message": "[{\"changed\": {\"fields\": [\"is_staff\"]}}]"}}, {"model": "admin.logentry", "pk": 31, "fields": {"action_time": "2019-01-16T16:09:16.801Z", "user": 1, "content_type": 2, "object_id": "7", "object_repr": "admin", "action_flag": 2, "change_message": "[{\"changed\": {\"fields\": [\"is_staff\", \"is_superuser\"]}}]"}}, {"model": "admin.logentry", "pk": 32, "fields": {"action_time": "2019-01-16T16:09:26.936Z", "user": 1, "content_type": 2, "object_id": "7", "object_repr": "admin", "action_flag": 2, "change_message": "[{\"changed\": {\"fields\": [\"groups\"]}}]"}}, {"model": "admin.logentry", "pk": 33, "fields": {"action_time": "2019-01-17T15:41:42.773Z", "user": 1, "content_type": 4, "object_id": "22", "object_repr": "Hanging Lamp", "action_flag": 2, "change_message": "[{\"changed\": {\"fields\": [\"special_offer\"]}}]"}}, {"model": "admin.logentry", "pk": 34, "fields": {"action_time": "2019-01-17T15:41:59.303Z", "user": 1, "content_type": 4, "object_id": "21", "object_repr": "White Arm Chair", "action_flag": 2, "change_message": "[{\"changed\": {\"fields\": [\"special_offer\"]}}]"}}, {"model": "admin.logentry", "pk": 35, "fields": {"action_time": "2019-01-17T15:42:10.890Z", "user": 1, "content_type": 4, "object_id": "20", "object_repr": "Table Lamp", "action_flag": 2, "change_message": "[{\"changed\": {\"fields\": [\"special_offer\"]}}]"}}, {"model": "admin.logentry", "pk": 36, "fields": {"action_time": "2019-01-17T15:42:53.514Z", "user": 1, "content_type": 4, "object_id": "1", "object_repr": "Fishnet Chair", "action_flag": 2, "change_message": "[{\"changed\": {\"fields\": [\"special_offer\"]}}]"}}, {"model": "admin.logentry", "pk": 37, "fields": {"action_time": "2019-01-17T17:38:32.773Z", "user": 1, "content_type": 4, "object_id": "15", "object_repr": "Wooden Arm Chair", "action_flag": 2, "change_message": "[{\"changed\": {\"fields\": [\"special_offer\"]}}]"}}, {"model": "admin.logentry", "pk": 38, "fields": {"action_time": "2019-01-19T18:00:56.919Z", "user": 1, "content_type": 2, "object_id": "6", "object_repr": "test", "action_flag": 3, "change_message": ""}}, {"model": "admin.logentry", "pk": 39, "fields": {"action_time": "2019-01-19T18:00:56.931Z", "user": 1, "content_type": 2, "object_id": "10", "object_repr": "test21", "action_flag": 3, "change_message": ""}}, {"model": "admin.logentry", "pk": 40, "fields": {"action_time": "2019-01-19T18:00:56.942Z", "user": 1, "content_type": 2, "object_id": "8", "object_repr": "test23", "action_flag": 3, "change_message": ""}}, {"model": "admin.logentry", "pk": 41, "fields": {"action_time": "2019-01-19T18:00:56.951Z", "user": 1, "content_type": 2, "object_id": "9", "object_repr": "test24", "action_flag": 3, "change_message": ""}}, {"model": "admin.logentry", "pk": 42, "fields": {"action_time": "2019-01-19T18:00:56.961Z", "user": 1, "content_type": 2, "object_id": "11", "object_repr": "test25", "action_flag": 3, "change_message": ""}}, {"model": "admin.logentry", "pk": 43, "fields": {"action_time": "2019-01-19T18:00:56.975Z", "user": 1, "content_type": 2, "object_id": "12", "object_repr": "test26", "action_flag": 3, "change_message": ""}}, {"model": "admin.logentry", "pk": 44, "fields": {"action_time": "2019-01-19T18:00:56.986Z", "user": 1, "content_type": 2, "object_id": "13", "object_repr": "test28", "action_flag": 3, "change_message": ""}}, {"model": "admin.logentry", "pk": 45, "fields": {"action_time": "2019-01-19T18:00:57.003Z", "user": 1, "content_type": 2, "object_id": "14", "object_repr": "test29", "action_flag": 3, "change_message": ""}}, {"model": "admin.logentry", "pk": 46, "fields": {"action_time": "2019-01-19T18:00:57.016Z", "user": 1, "content_type": 2, "object_id": "15", "object_repr": "test30", "action_flag": 3, "change_message": ""}}, {"model": "admin.logentry", "pk": 47, "fields": {"action_time": "2019-01-19T18:00:57.027Z", "user": 1, "content_type": 2, "object_id": "16", "object_repr": "test31", "action_flag": 3, "change_message": ""}}, {"model": "admin.logentry", "pk": 48, "fields": {"action_time": "2019-01-20T23:44:26.215Z", "user": 1, "content_type": 17, "object_id": "1", "object_repr": "Admin 2019-01-20 23:44", "action_flag": 1, "change_message": "[{\"added\": {}}]"}}, {"model": "admin.logentry", "pk": 49, "fields": {"action_time": "2019-01-20T23:46:10.287Z", "user": 1, "content_type": 18, "object_id": "1", "object_repr": "Lamp", "action_flag": 1, "change_message": "[{\"added\": {}}]"}}, {"model": "admin.logentry", "pk": 50, "fields": {"action_time": "2019-01-20T23:46:31.706Z", "user": 1, "content_type": 18, "object_id": "2", "object_repr": "Wall Clock", "action_flag": 1, "change_message": "[{\"added\": {}}]"}}, {"model": "admin.logentry", "pk": 51, "fields": {"action_time": "2019-01-20T23:46:45.642Z", "user": 1, "content_type": 18, "object_id": "3", "object_repr": "Wooden Circle Table", "action_flag": 1, "change_message": "[{\"added\": {}}]"}}, {"model": "admin.logentry", "pk": 52, "fields": {"action_time": "2019-01-20T23:47:04.162Z", "user": 1, "content_type": 18, "object_id": "4", "object_repr": "Red Iron Chair", "action_flag": 1, "change_message": "[{\"added\": {}}]"}}, {"model": "admin.logentry", "pk": 53, "fields": {"action_time": "2019-01-21T00:02:21.009Z", "user": 1, "content_type": 17, "object_id": "1", "object_repr": "Admin 2019-01-20 23:44", "action_flag": 2, "change_message": "[{\"added\": {\"name\": \"purchase item\", \"object\": \"Wall Lamp\"}}]"}}, {"model": "admin.logentry", "pk": 54, "fields": {"action_time": "2019-01-21T00:23:46.994Z", "user": 1, "content_type": 2, "object_id": "1", "object_repr": "ad", "action_flag": 2, "change_message": "[{\"changed\": {\"fields\": [\"first_name\"]}}]"}}, {"model": "admin.logentry", "pk": 55, "fields": {"action_time": "2019-01-21T01:11:07.242Z", "user": 1, "content_type": 17, "object_id": "3", "object_repr": "Zinfir 2019-01-21 01:02", "action_flag": 3, "change_message": ""}}, {"model": "admin.logentry", "pk": 56, "fields": {"action_time": "2019-01-21T01:11:07.252Z", "user": 1, "content_type": 17, "object_id": "2", "object_repr": "admin 2019-01-21 00:21", "action_flag": 3, "change_message": ""}}, {"model": "admin.logentry", "pk": 57, "fields": {"action_time": "2019-01-21T01:11:07.262Z", "user": 1, "content_type": 17, "object_id": "1", "object_repr": "ad 2019-01-20 23:44", "action_flag": 3, "change_message": ""}}, {"model": "admin.logentry", "pk": 58, "fields": {"action_time": "2019-01-21T01:19:14.776Z", "user": 1, "content_type": 17, "object_id": "5", "object_repr": "admin 2019-01-21 01:15", "action_flag": 3, "change_message": ""}}, {"model": "admin.logentry", "pk": 59, "fields": {"action_time": "2019-01-21T01:19:14.788Z", "user": 1, "content_type": 17, "object_id": "4", "object_repr": "admin 2019-01-21 01:12", "action_flag": 3, "change_message": ""}}, {"model": "admin.logentry", "pk": 60, "fields": {"action_time": "2019-01-21T03:37:44.758Z", "user": 1, "content_type": 2, "object_id": "9", "object_repr": "test", "action_flag": 3, "change_message": ""}}, {"model": "admin.logentry", "pk": 61, "fields": {"action_time": "2019-01-21T03:46:44.792Z", "user": 1, "content_type": 2, "object_id": "11", "object_repr": "test1", "action_flag": 3, "change_message": ""}}, {"model": "admin.logentry", "pk": 62, "fields": {"action_time": "2019-01-21T03:46:44.802Z", "user": 1, "content_type": 2, "object_id": "12", "object_repr": "test2", "action_flag": 3, "change_message": ""}}, {"model": "admin.logentry", "pk": 63, "fields": {"action_time": "2019-01-21T03:46:44.810Z", "user": 1, "content_type": 2, "object_id": "13", "object_repr": "test3", "action_flag": 3, "change_message": ""}}, {"model": "admin.logentry", "pk": 64, "fields": {"action_time": "2019-01-21T03:46:52.448Z", "user": 1, "content_type": 2, "object_id": "10", "object_repr": "test", "action_flag": 3, "change_message": ""}}, {"model": "admin.logentry", "pk": 65, "fields": {"action_time": "2019-01-21T03:57:40.828Z", "user": 1, "content_type": 2, "object_id": "14", "object_repr": "test", "action_flag": 3, "change_message": ""}}, {"model": "admin.logentry", "pk": 66, "fields": {"action_time": "2019-01-21T03:57:40.838Z", "user": 1, "content_type": 2, "object_id": "15", "object_repr": "test1", "action_flag": 3, "change_message": ""}}, {"model": "admin.logentry", "pk": 67, "fields": {"action_time": "2019-01-21T03:57:40.848Z", "user": 1, "content_type": 2, "object_id": "16", "object_repr": "test3", "action_flag": 3, "change_message": ""}}, {"model": "admin.logentry", "pk": 68, "fields": {"action_time": "2019-01-21T03:59:24.303Z", "user": 1, "content_type": 2, "object_id": "17", "object_repr": "test", "action_flag": 2, "change_message": "[{\"changed\": {\"fields\": [\"is_active\", \"is_superuser\"]}}]"}}, {"model": "admin.logentry", "pk": 69, "fields": {"action_time": "2019-01-21T05:30:48.201Z", "user": 1, "content_type": 17, "object_id": "7", "object_repr": "ad 2019-01-21 01:22", "action_flag": 3, "change_message": ""}}, {"model": "admin.logentry", "pk": 70, "fields": {"action_time": "2019-01-21T05:30:48.212Z", "user": 1, "content_type": 17, "object_id": "6", "object_repr": "admin 2019-01-21 01:19", "action_flag": 3, "change_message": ""}}]